use abcdatabase;

INSERT INTO Person (Personal_ID, First_Name, Last_Name, Age, Gender, Email, AddressLine1, AddressLine2, City, State, ZipCode)
VALUES
(100, 'John', 'Doe', 28, 'M', 'john.doe@example.com', '123 Elm Street', 'Apt 1', 'New York City', 'NY', '10001'),
(101, 'Michael', 'Smith', 34, 'M', 'michael.smith@example.com', '456 Oak Avenue', 'Apt 2', 'Los Angeles', 'CA', '90001'),
(102, 'Sarah', 'Johnson', 22, 'F', 'sarah.johnson@example.com', '789 Maple Road', 'Apt 3', 'Houston', 'TX', '77001'),
(103, 'David', 'Williams', 42, 'M', 'david.williams@example.com', '101 Pine Lane', NULL, 'Chicago', 'IL', '60601'),
(104, 'Laura', 'Brown', 29, 'F', 'laura.brown@example.com', '102 Birch Boulevard', 'Suite 4B', 'Miami', 'FL', '33101'),
(105, 'James', 'Jones', 37, 'M', 'james.jones@example.com', '203 Cedar Drive', 'Apt 5', 'Phoenix', 'AZ', '85001'),
(106, 'Emily', 'Davis', 33, 'F', 'emily.davis@example.com', '345 Pine Street', NULL, 'Dallas', 'TX', '75201'),
(107, 'Chris', 'Miller', 31, 'M', 'chris.miller@example.com', '567 Maple Street', 'Unit 6', 'Austin', 'TX', '73301'),
(108, 'Olivia', 'Martinez', 26, 'F', 'olivia.martinez@example.com', '234 Elm Street', NULL, 'San Antonio', 'TX', '78201'),
(109, 'Daniel', 'Garcia', 28, 'M', 'daniel.garcia@example.com', '456 Pine Lane', 'Apt 7', 'San Diego', 'CA', '92101'),
(110, 'Sophia', 'Rodriguez', 40, 'F', 'sophia.rodriguez@example.com', '567 Oak Avenue', 'Suite 10', 'Seattle', 'WA', '98101'),
(111, 'Jacob', 'Martinez', 35, 'M', 'jacob.martinez@example.com', '678 Cedar Boulevard', NULL, 'Denver', 'CO', '80201'),
(112, 'Ava', 'Hernandez', 26, 'F', 'ava.hernandez@example.com', '789 Birch Street', 'Apt 12', 'Boston', 'MA', '02101'),
(113, 'William', 'Young', 39, 'M', 'william.young@example.com', '890 Oak Drive', 'Unit 13', 'Portland', 'OR', '97201'),
(114, 'Mia', 'Allen', 33, 'F', 'mia.allen@example.com', '901 Maple Lane', NULL, 'Philadelphia', 'PA', '19101'),
(115, 'Ethan', 'Sanchez', 24, 'M', 'ethan.sanchez@example.com', '234 Pine Drive', 'Apt 14', 'Detroit', 'MI', '48201'),
(116, 'Isabella', 'King', 31, 'F', 'isabella.king@example.com', '567 Cedar Lane', NULL, 'Cleveland', 'OH', '44101'),
(117, 'Lucas', 'Wright', 22, 'M', 'lucas.wright@example.com', '345 Oak Street', 'Apt 15', 'Minneapolis', 'MN', '55101'),
(118, 'Charlotte', 'Scott', 44, 'F', 'charlotte.scott@example.com', '678 Birch Avenue', 'Suite 16', 'Indianapolis', 'IN', '46201'),
(119, 'Henry', 'Green', 50, 'M', 'henry.green@example.com', '789 Pine Boulevard', NULL, 'Jacksonville', 'FL', '32201'),
(120, 'Amelia', 'Adams', 30, 'F', 'amelia.adams@example.com', '101 Cedar Drive', 'Unit 17', 'Columbus', 'OH', '43201'),
(121, 'Sebastian', 'Baker', 27, 'M', 'sebastian.baker@example.com', '202 Maple Boulevard', NULL, 'Nashville', 'TN', '37201'),
(122, 'Zoe', 'Nelson', 35, 'F', 'zoe.nelson@example.com', '303 Oak Lane', 'Apt 18', 'Louisville', 'KY', '40201'),
(123, 'Owen', 'Carter', 48, 'M', 'owen.carter@example.com', '404 Birch Road', NULL, 'San Francisco', 'CA', '94101'),
(124, 'Evelyn', 'Mitchell', 29, 'F', 'evelyn.mitchell@example.com', '505 Cedar Street', 'Apt 19', 'Atlanta', 'GA', '30301'),
(125, 'Matthew', 'Perez', 38, 'M', 'matthew.perez@example.com', '606 Pine Boulevard', NULL, 'New Orleans', 'LA', '70112'),
(126, 'Lily', 'Roberts', 32, 'F', 'lily.roberts@example.com', '707 Maple Drive', 'Apt 20', 'Tucson', 'AZ', '85701'),
(127, 'Jackson', 'Walker', 24, 'M', 'jackson.walker@example.com', '808 Oak Avenue', NULL, 'Kansas City', 'MO', '64101'),
(128, 'Grace', 'Hall', 29, 'F', 'grace.hall@example.com', '909 Birch Boulevard', 'Suite 21', 'Sacramento', 'CA', '95814'),
(129, 'Benjamin', 'Allen', 36, 'M', 'benjamin.allen@example.com', '123 Pine Street', NULL, 'Salt Lake City', 'UT', '84101');

INSERT INTO Person (Personal_ID, First_Name, Last_Name, Age, Gender, Email, AddressLine1, AddressLine2, City, State, ZipCode)
VALUES
(130, 'Ella', 'Harris', 28, 'F', 'ella.harris@example.com', '234 Maple Lane', 'Apt 22', 'Raleigh', 'NC', '27601'),
(131, 'Aiden', 'Lopez', 40, 'M', 'aiden.lopez@example.com', '345 Birch Street', 'Unit 23', 'Orlando', 'FL', '32801'),
(132, 'Chloe', 'Clark', 31, 'F', 'chloe.clark@example.com', '456 Cedar Boulevard', 'Apt 24', 'Charlotte', 'NC', '28201'),
(133, 'Liam', 'Hernandez', 36, 'M', 'liam.hernandez@example.com', '567 Pine Drive', NULL, 'San Jose', 'CA', '95101'),
(134, 'Hannah', 'Lewis', 24, 'F', 'hannah.lewis@example.com', '678 Maple Road', 'Suite 25', 'Memphis', 'TN', '38101'),
(135, 'Nathan', 'Hall', 50, 'M', 'nathan.hall@example.com', '789 Birch Lane', 'Apt 26', 'Fort Worth', 'TX', '76101'),
(136, 'Samantha', 'Young', 33, 'F', 'samantha.young@example.com', '890 Oak Avenue', 'Unit 27', 'El Paso', 'TX', '79901'),
(137, 'Noah', 'Allen', 22, 'M', 'noah.allen@example.com', '901 Pine Street', NULL, 'Milwaukee', 'WI', '53201'),
(138, 'Abigail', 'King', 35, 'F', 'abigail.king@example.com', '102 Maple Boulevard', 'Apt 28', 'Baltimore', 'MD', '21201'),
(139, 'Gabriel', 'Wright', 41, 'M', 'gabriel.wright@example.com', '203 Birch Drive', 'Suite 29', 'Albuquerque', 'NM', '87101'),
(140, 'Lillian', 'Scott', 26, 'F', 'lillian.scott@example.com', '304 Cedar Lane', NULL, 'Tampa', 'FL', '33601'),
(141, 'Isaac', 'Green', 47, 'M', 'isaac.green@example.com', '405 Maple Street', 'Apt 30', 'Fresno', 'CA', '93701'),
(142, 'Victoria', 'Adams', 29, 'F', 'victoria.adams@example.com', '506 Oak Boulevard', 'Unit 31', 'Omaha', 'NE', '68101'),
(143, 'Logan', 'Baker', 34, 'M', 'logan.baker@example.com', '607 Birch Drive', NULL, 'Mesa', 'AZ', '85201'),
(144, 'Scarlett', 'Nelson', 38, 'F', 'scarlett.nelson@example.com', '708 Cedar Avenue', 'Apt 32', 'Colorado Springs', 'CO', '80901'),
(145, 'Caleb', 'Carter', 32, 'M', 'caleb.carter@example.com', '809 Maple Lane', 'Suite 33', 'Virginia Beach', 'VA', '23451'),
(146, 'Aria', 'Mitchell', 28, 'F', 'aria.mitchell@example.com', '910 Birch Boulevard', NULL, 'Oakland', 'CA', '94601'),
(147, 'Elijah', 'Perez', 30, 'M', 'elijah.perez@example.com', '123 Cedar Street', 'Apt 34', 'Minneapolis', 'MN', '55401'),
(148, 'Layla', 'Roberts', 27, 'F', 'layla.roberts@example.com', '234 Maple Avenue', 'Unit 35', 'Tulsa', 'OK', '74101'),
(149, 'Mason', 'Walker', 45, 'M', 'mason.walker@example.com', '345 Birch Road', NULL, 'Arlington', 'TX', '76001'),
(150, 'Zoe', 'Hall', 21, 'F', 'zoe.hall@example.com', '456 Oak Lane', 'Apt 36', 'Wichita', 'KS', '67201'),
(151, 'Luke', 'Allen', 39, 'M', 'luke.allen@example.com', '567 Cedar Drive', 'Suite 37', 'Bakersfield', 'CA', '93301'),
(152, 'Lucy', 'Harris', 24, 'F', 'lucy.harris@example.com', '678 Maple Boulevard', NULL, 'Aurora', 'CO', '80010'),
(153, 'Ethan', 'Lopez', 33, 'M', 'ethan.lopez@example.com', '789 Birch Street', 'Apt 38', 'Anaheim', 'CA', '92801'),
(154, 'Grace', 'Clark', 35, 'F', 'grace.clark@example.com', '890 Oak Drive', 'Unit 39', 'Corpus Christi', 'TX', '78401'),
(155, 'Oliver', 'Hernandez', 29, 'M', 'oliver.hernandez@example.com', '901 Pine Lane', NULL, 'Lexington', 'KY', '40501'),
(156, 'Emma', 'Lewis', 34, 'F', 'emma.lewis@example.com', '102 Maple Street', 'Apt 40', 'Henderson', 'NV', '89011');

INSERT INTO Person (Personal_ID, First_Name, Last_Name, Age, Gender, Email, AddressLine1, AddressLine2, City, State, ZipCode)
VALUES
(157, 'Jackson', 'Davis', 30, 'M', 'jackson.davis@example.com', '203 Birch Lane', 'Suite 41', 'Stockton', 'CA', '95201'),
(158, 'Emily', 'Morris', 22, 'F', 'emily.morris@example.com', '304 Cedar Drive', 'Unit 42', 'St. Louis', 'MO', '63101'),
(159, 'Sebastian', 'Cooper', 36, 'M', 'sebastian.cooper@example.com', '405 Maple Avenue', NULL, 'Saint Paul', 'MN', '55101'),
(160, 'Harper', 'Bailey', 28, 'F', 'harper.bailey@example.com', '506 Oak Road', 'Apt 43', 'Cincinnati', 'OH', '45201'),
(161, 'Avery', 'Reed', 40, 'F', 'avery.reed@example.com', '607 Birch Lane', NULL, 'Anchorage', 'AK', '99501'),
(162, 'Matthew', 'Cook', 27, 'M', 'matthew.cook@example.com', '708 Cedar Drive', 'Suite 44', 'Toledo', 'OH', '43601'),
(163, 'Elizabeth', 'Rogers', 31, 'F', 'elizabeth.rogers@example.com', '809 Maple Street', 'Unit 45', 'Newark', 'NJ', '07101'),
(164, 'James', 'Morgan', 42, 'M', 'james.morgan@example.com', '910 Birch Avenue', NULL, 'Greensboro', 'NC', '27401'),
(165, 'Sofia', 'Bell', 25, 'F', 'sofia.bell@example.com', '123 Cedar Boulevard', 'Apt 46', 'Madison', 'WI', '53701'),
(166, 'Ryan', 'Murphy', 33, 'M', 'ryan.murphy@example.com', '234 Maple Drive', 'Suite 47', 'Reno', 'NV', '89501'),
(167, 'Scarlett', 'Peterson', 29, 'F', 'scarlett.peterson@example.com', '345 Birch Avenue', NULL, 'Richmond', 'VA', '23219'),
(168, 'Benjamin', 'Gray', 37, 'M', 'benjamin.gray@example.com', '456 Oak Lane', 'Apt 48', 'Birmingham', 'AL', '35201'),
(169, 'Chloe', 'Wood', 23, 'F', 'chloe.wood@example.com', '567 Cedar Road', 'Unit 49', 'Lubbock', 'TX', '79401'),
(170, 'Caleb', 'Kelly', 39, 'M', 'caleb.kelly@example.com', '678 Maple Drive', NULL, 'Chesapeake', 'VA', '23320'),
(171, 'Lillian', 'Sanders', 30, 'F', 'lillian.sanders@example.com', '789 Birch Street', 'Suite 50', 'Garland', 'TX', '75040'),
(172, 'Evan', 'Price', 34, 'M', 'evan.price@example.com', '890 Oak Boulevard', NULL, 'Hialeah', 'FL', '33010'),
(173, 'Sophia', 'Bennett', 26, 'F', 'sophia.bennett@example.com', '901 Pine Avenue', 'Apt 51', 'Boise', 'ID', '83701'),
(174, 'Lucas', 'Ross', 28, 'M', 'lucas.ross@example.com', '102 Maple Drive', NULL, 'Scottsdale', 'AZ', '85251'),
(175, 'Victoria', 'Cox', 38, 'F', 'victoria.cox@example.com', '203 Birch Boulevard', 'Suite 52', 'Buffalo', 'NY', '14201'),
(176, 'Oliver', 'Ward', 41, 'M', 'oliver.ward@example.com', '304 Cedar Lane', 'Unit 53', 'Des Moines', 'IA', '50301');


INSERT INTO Person (Personal_ID, First_Name, Last_Name, Age, Gender, Email, AddressLine1, AddressLine2, City, State, ZipCode)
VALUES
(177, 'Nathan', 'Roberts', 30, 'M', 'nathan.roberts@example.com', '456 Birch Road', 'Apt 54', 'Columbus', 'OH', '43201'),
(178, 'Sophia', 'Lee', 41, 'F', 'sophia.lee@example.com', '567 Oak Lane', 'Unit 55', 'San Diego', 'CA', '92101'),
(179, 'Isaiah', 'Morris', 29, 'M', 'isaiah.morris@example.com', '678 Pine Avenue', 'Apt 56', 'Indianapolis', 'IN', '46201'),
(180, 'Charlotte', 'Martin', 33, 'F', 'charlotte.martin@example.com', '789 Cedar Boulevard', NULL, 'Austin', 'TX', '73301'),
(181, 'Liam', 'Moore', 28, 'M', 'liam.moore@example.com', '890 Oak Boulevard', 'Apt 58', 'Kansas City', 'MO', '64101'),
(182, 'Ava', 'Walker', 35, 'F', 'ava.walker@example.com', '901 Birch Lane', 'Unit 59', 'Charlotte', 'NC', '28201'),
(183, 'Jacob', 'Perez', 30, 'M', 'jacob.perez@example.com', '123 Pine Avenue', 'Apt 60', 'Detroit', 'MI', '48201'),
(184, 'Mia', 'Hernandez', 37, 'F', 'mia.hernandez@example.com', '234 Cedar Drive', NULL, 'Las Vegas', 'NV', '89101'),
(185, 'Benjamin', 'Carter', 41, 'M', 'benjamin.carter@example.com', '345 Oak Boulevard', 'Apt 62', 'Miami', 'FL', '33101'),
(186, 'Olivia', 'Robinson', 32, 'F', 'olivia.robinson@example.com', '456 Pine Boulevard', 'Apt 63', 'Jacksonville', 'FL', '32201'),
(187, 'Ethan', 'Evans', 27, 'M', 'ethan.evans@example.com', '567 Cedar Road', 'Unit 64', 'Chicago', 'IL', '60601'),
(188, 'Zoe', 'Clark', 31, 'F', 'zoe.clark@example.com', '678 Birch Boulevard', NULL, 'Denver', 'CO', '80202'),
(189, 'Matthew', 'Allen', 40, 'M', 'matthew.allen@example.com', '789 Oak Lane', 'Unit 66', 'Seattle', 'WA', '98101'),
(190, 'Lily', 'Wilson', 28, 'F', 'lily.wilson@example.com', '890 Birch Avenue', 'Apt 67', 'Fresno', 'CA', '93701'),
(191, 'Jackson', 'Adams', 33, 'M', 'jackson.adams@example.com', '901 Cedar Boulevard', NULL, 'Salt Lake City', 'UT', '84101'),
(192, 'Chloe', 'King', 26, 'F', 'chloe.king@example.com', '123 Oak Drive', 'Apt 69', 'Portland', 'OR', '97201'),
(193, 'Liam', 'Scott', 37, 'M', 'liam.scott@example.com', '234 Pine Lane', 'Unit 70', 'Cleveland', 'OH', '44101'),
(194, 'Grace', 'Thomas', 30, 'F', 'grace.thomas@example.com', '345 Birch Road', 'Apt 71', 'Boise', 'ID', '83702'),
(195, 'Noah', 'Anderson', 39, 'M', 'noah.anderson@example.com', '456 Oak Avenue', 'Unit 72', 'Detroit', 'MI', '48201'),
(196, 'Ella', 'White', 34, 'F', 'ella.white@example.com', '567 Pine Street', NULL, 'Tucson', 'AZ', '85701'),
(197, 'Lucas', 'Taylor', 31, 'M', 'lucas.taylor@example.com', '678 Cedar Lane', 'Unit 74', 'St. Louis', 'MO', '63101'),
(198, 'Sophia', 'Wright', 42, 'F', 'sophia.wright@example.com', '789 Birch Lane', 'Apt 75', 'Indianapolis', 'IN', '46201'),
(199, 'Jack', 'Davis', 29, 'M', 'jack.davis@example.com', '890 Oak Road', 'Unit 76', 'Chicago', 'IL', '60601'),
(200, 'Hellen', 'Cole', 89, 'F', 'hellen.cole@example.com', '574 Elm Street', NULL, 'Miami', 'FL', '33101');

INSERT INTO Phone_numbers (Personal_ID, Phone_Number)
VALUES
(100, '212-555-1001'),
(101, '323-555-1002'),
(102, '713-555-1003'),
(103, '312-555-1004'),
(104, '305-555-1005'),
(105, '602-555-1006'),
(106, '214-555-1007'),
(107, '512-555-1008'),
(108, '210-555-1009'),
(109, '619-555-1010'),
(110, '206-555-1011'),
(111, '303-555-1012'),
(112, '617-555-1013'),
(113, '503-555-1014'),
(114, '215-555-1015'),
(115, '313-555-1016'),
(116, '216-555-1017'),
(117, '612-555-1018'),
(118, '317-555-1019'),
(119, '904-555-1020'),
(120, '614-555-1021'),
(121, '615-555-1022'),
(122, '502-555-1023'),
(123, '415-555-1024'),
(124, '404-555-1025'),
(125, '504-555-1026'),
(126, '520-555-1027'),
(127, '816-555-1028'),
(128, '916-555-1029'),
(129, '385-555-1030'),
(130, '410-555-1031'),
(131, '314-555-1032'),
(132, '412-555-1033'),
(133, '704-555-1034'),
(134, '407-555-1035'),
(135, '919-555-1036'),
(136, '559-555-1037'),
(137, '651-555-1038'),
(138, '317-555-1039'),
(139, '216-555-1040'),
(140, '901-555-1041'),
(141, '205-555-1042'),
(142, '212-555-1043'),
(143, '702-555-1044'),
(144, '860-555-1045'),
(145, '601-555-1046'),
(146, '804-555-1047'),
(147, '813-555-1048'),
(148, '614-555-1049'),
(149, '702-555-1050'),
(150, '305-555-1051'),
(151, '602-555-1052'),
(152, '208-555-1053'),
(153, '502-555-1054'),
(154, '512-555-1055'),
(155, '303-555-1056'),
(156, '504-555-1057'),
(157, '206-555-1058'),
(158, '503-555-1059'),
(159, '602-555-1060'),
(160, '619-555-1061'),
(161, '313-555-1062'),
(162, '612-555-1063'),
(163, '520-555-1064'),
(164, '415-555-1065'),
(165, '312-555-1066'),
(166, '216-555-1067'),
(167, '305-555-1068'),
(168, '713-555-1069'),
(169, '323-555-1070'),
(170, '312-555-1071'),
(171, '704-555-1072'),
(172, '206-555-1073'),
(173, '214-555-1074'),
(174, '503-555-1075'),
(175, '313-555-1076'),
(176, '602-555-1077'),
(177, '614-555-1078'),
(178, '619-555-1079'),
(179, '317-555-1080'),
(180, '512-555-1081'),
(181, '816-555-1082'),
(182, '704-555-1083'),
(183, '313-555-1084'),
(184, '702-555-1085'),
(185, '305-555-1086'),
(186, '904-555-1087'),
(187, '312-555-1088'),
(188, '303-555-1089'),
(189, '206-555-1090'),
(190, '559-555-1091'),
(191, '385-555-1092'),
(192, '503-555-1093'),
(193, '216-555-1094'),
(194, '208-555-1095'),
(195, '313-555-1096'),
(196, '520-555-1097'),
(197, '314-555-1098'),
(198, '317-555-1099'),
(199, '312-555-1100'),
(200, '305-555-1101');

INSERT INTO Employee(Employee_ID, Employee_Rank, Title)
VALUES
(100, 'Sales', 'Sales Representative'),
(101, 'Sales', 'Sales Representative'),
(102, 'Sales', 'Sales Representative'),
(103, 'Sales', 'Sales Representative'),
(104, 'Sales', 'Sales Representative'),
(105, 'Sales', 'Sales Representative'),
(106, 'Sales', 'Sales Representative'),
(107, 'Sales', 'Sales Representative'),
(108, 'Sales', 'Sales Representative'),
(109, 'Sales', 'Sales Representative'),
(110, 'Sales', 'Sales Representative'),
(111, 'Sales', 'Sales Representative'),
(112, 'Sales', 'Sales Representative'),
(113, 'Sales', 'Sales Representative'),
(114, 'Sales', 'Sales Representative'),
(115, 'Sales', 'Sales Representative'),
(116, 'Management', 'Regional Manager'),
(117, 'Management', 'Regional Manager'),
(118, 'Management', 'Regional Manager'),
(119, 'Management', 'Regional Manager'),
(120, 'Management', 'Regional Manager'),
(121, 'Management', 'Head Manager'),
(122, 'Management', 'Head Manager'),
(123, 'Management', 'CEO'),
(124, 'Technician', 'Product Technican'),
(125, 'Technician', 'Sales Technician');

INSERT INTO Customer(Customer_ID, Preferred_Salesperson_ID)
VALUES
(126, 100),
(127, 100),
(128, 100),
(129, 100),
(130, 100),
(131, 101),
(132, 101),
(133, 101),
(134, 101),
(135, 101),
(136, 102),
(137, 102),
(138, 103),
(139, 103),
(140, 103),
(141, 104),
(142, 105),
(143, 105),
(144, 105),
(145, 105),
(146, 105),
(147, 106),
(148, 107),
(149, 107),
(150, 108),
(151, 108),
(152, 109),
(153, 109),
(154, 109),
(155, 110),
(156, 110),
(157, 110),
(158, 111),
(159, 112),
(160, 113),
(161, 113),
(162, 113),
(163, 113),
(164, 113),
(165, 114),
(166, 114),
(167, 114),
(168, 115),
(169, 115),
(170, 115),
(171, 100),
(172, 100),
(173, 101),
(174, 102),
(175, 102),
(176, 102),
(177, 102),
(178, 102),
(179, 102),
(180, 102),
(181, 102),
(182, 102),
(183, 104),
(184, 105),
(185, 108),
(186, 108),
(187, 109),
(188, 111),
(189, 112),
(190, 115);

INSERT INTO Potential_Employee(Potential_Employee_ID)
VALUES
(191),
(192),
(193),
(194),
(195),
(196),
(197),
(198),
(199),
(200);

INSERT INTO Department(Department_ID, Department_Name)
VALUES
(1, 'North Sales'),
(2, 'Marketing'),
(3, 'South Sales'),
(4, 'West Sales'),
(5, 'Product and Supply'),
(6, 'Research'),
(7, 'Manufacturing'),
(8, 'Home Office');

INSERT INTO Job_Position (Job_ID, Job_Description, Posted_Date, Department_ID)
VALUES 
(101, 'Marketing Manager', '2011-01-15', 1),
(102, 'Software Engineer', '2011-01-10', 2),
(103, 'Sales Representative', '2011-03-05', 3),
(104, 'Product Designer', '2011-04-01', 4),
(105, 'Data Analyst', '2011-01-25', 5),
(106, 'Human Resources Specialist', '2011-01-20', 1),
(107, 'DevOps Engineer', '2011-01-15', 2),
(108, 'Customer Support Specialist', '2011-01-10', 3),
(109, 'UX Researcher', '2011-01-05', 4),
(110, 'Financial Analyst', '2011-01-30', 5),
(11111, 'Regional Manager', '2011-01-05', 5),
(12345, 'CEO', '2011-01-30', 5);

INSERT INTO Marketing_Site (Site_ID, Site_Name, Location)
VALUES 
(1, 'Headquarters', 'New York, NY'),
(2, 'West Coast Office', 'San Francisco, CA'),
(3, 'Central Regional Hub', 'Chicago, IL'),
(4, 'Texas Marketing Site', 'Dallas, TX'),
(5, 'East Sales Site', 'Miami, FL'),
(6, 'North Sales Site', 'Denver, CO');

INSERT INTO Product (Product_ID, Product_Type, Size, Price, Weight, Style)
VALUES 
(1, 'Smartphone', 'Medium', 699.99, 0.5, 'Modern'),
(2, 'Laptop', 'Large', 1299.99, 2.5, 'Sleek'),
(3, 'Tablet', 'Small', 499.99, 1.0, 'Compact'),
(4, 'Wireless Headphones', 'Small', 199.99, 0.3, 'Stylish'),
(5, 'Smartwatch', 'Small', 179.99, 0.2, 'Sporty'),
(6, 'Gaming Console', 'Large', 399.99, 4.0, 'Bold'),
(7, '4K TV', 'Extra Large', 999.99, 15.0, 'Slim'),
(8, 'Bluetooth Speaker', 'Small', 149.99, 1.2, 'Portable'),
(9, 'Digital Camera', 'Medium', 149.99, 1.5, 'Retro'),
(10, 'Drone', 'Medium', 899.99, 2.0, 'Futuristic');

INSERT INTO Part (Part_ID, Part_Type, Part_Weight)
VALUES 
(1, 'Circuit Board', 0.5),
(2, 'Processor', 0.2),
(3, 'Battery Pack', 1.0),
(4, 'LCD Screen', 0.8),
(5, 'Plastic Housing', 0.3),
(6, 'Speakers', 0.6),
(7, 'Camera Lens', 0.1),
(8, 'Cooling Fan', 0.4),
(9, 'Buttons', 0.05),
(10, 'Cup', 0.7);


INSERT INTO Vendor (Vendor_ID, Vendor_Name, Vendor_Address, Vendor_AccountNo, Credit_Rating, Purchasing_URL)
VALUES 
(1, 'Tech Supplies Inc.', '123 Tech Ave, Silicon Valley, CA', 'ACC12345', 4.5, 'https://techsupplies.com'),
(2, 'Gadget World', '456 Innovation Rd, Austin, TX', 'ACC67890', 4.0, 'https://gadgetworld.com'),
(3, 'Parts Pro', '789 Assembly Ln, Detroit, MI', 'ACC11223', 4.7, 'https://partspro.com'),
(4, 'Global Vendors Ltd.', '321 Global St, London, UK', 'ACC33445', 4.2, 'https://globalvendors.com'),
(5, 'ElectroMart', '555 Circuit Blvd, Tokyo, Japan', 'ACC55678', 4.8, 'https://electromart.com'),
(6, 'Mega Suppliers', '888 Broad St, New York, NY', 'ACC99876', 4.6, 'https://megasuppliers.com'),
(7, 'Quality Parts Co.', '1000 Precision Dr, Chicago, IL', 'ACC77665', 4.3, 'https://qualityparts.com'),
(8, 'Innovative Distributors', '222 Future Ln, San Francisco, CA', 'ACC88991', 4.9, 'https://innodistributors.com'),
(9, 'Reliable Vendors', '333 Trust Blvd, Toronto, Canada', 'ACC33442', 4.4, 'https://reliablevendors.com'),
(10, 'Component Warehouse', '444 Storage Rd, Sydney, Australia', 'ACC22334', 4.1, 'https://componentwarehouse.com');

INSERT INTO Month_Salary (Pay_Date, Amount, Employee_ID)
VALUES
('2011-01-31', 3500.00, 101),
('2011-01-31', 3500.00, 102),
('2011-01-31', 3500.00, 103),
('2011-01-31', 3500.00, 104),
('2011-01-31', 3500.00, 105),
('2011-01-31', 3500.00, 106),
('2011-01-31', 3500.00, 107),
('2011-01-31', 3500.00, 108),
('2011-01-31', 3500.00, 109),
('2011-01-31', 3500.00, 110),
('2011-01-31', 4500.00, 111),
('2011-01-31', 4500.00, 112),
('2011-01-31', 4500.00, 113),
('2011-01-31', 4500.00, 114),
('2011-01-31', 4500.00, 115),
('2011-01-31', 6500.00, 115),
('2011-01-31', 6500.00, 116),
('2011-01-31', 6500.00, 117),
('2011-01-31', 6500.00, 118),
('2011-01-31', 6500.00, 119),
('2011-01-31', 6500.00, 120),
('2011-01-31', 6500.00, 121),
('2011-01-31', 8500.00, 122),
('2011-01-31', 10500.00, 123),
('2011-01-31', 7500.00, 124),
('2011-01-31', 7500.00, 125),
('2011-02-28', 3500.00, 101),
('2011-02-28', 3500.00, 102),
('2011-02-28', 3500.00, 103),
('2011-02-28', 3500.00, 104),
('2011-02-28', 3500.00, 105),
('2011-02-28', 3500.00, 106),
('2011-02-28', 3500.00, 107),
('2011-02-28', 3500.00, 108),
('2011-02-28', 3500.00, 109),
('2011-02-28', 3500.00, 110),
('2011-02-28', 4500.00, 111),
('2011-02-28', 4500.00, 112),
('2011-02-28', 4500.00, 113),
('2011-02-28', 4500.00, 114),
('2011-02-28', 4500.00, 115),
('2011-02-28', 6500.00, 115),
('2011-02-28', 6500.00, 116),
('2011-02-28', 6500.00, 117),
('2011-02-28', 6500.00, 118),
('2011-02-28', 6500.00, 119),
('2011-02-28', 6500.00, 120),
('2011-02-28', 6500.00, 121),
('2011-02-28', 8500.00, 122),
('2011-02-28', 10500.00, 123),
('2011-02-28', 7500.00, 124),
('2011-02-28', 7500.00, 125),
('2011-03-31', 3500.00, 101),
('2011-03-31', 3500.00, 102),
('2011-03-31', 3500.00, 103),
('2011-03-31', 3500.00, 104),
('2011-03-31', 3500.00, 105),
('2011-03-31', 3500.00, 106),
('2011-03-31', 3500.00, 107),
('2011-03-31', 3500.00, 108),
('2011-03-31', 3500.00, 109),
('2011-03-31', 3500.00, 110),
('2011-03-31', 4500.00, 111),
('2011-03-31', 4500.00, 112),
('2011-03-31', 4500.00, 113),
('2011-03-31', 4500.00, 114),
('2011-03-31', 4500.00, 115),
('2011-03-31', 6500.00, 115),
('2011-03-31', 6500.00, 116),
('2011-03-31', 6500.00, 117),
('2011-03-31', 6500.00, 118),
('2011-03-31', 6500.00, 119),
('2011-03-31', 6500.00, 120),
('2011-03-31', 6500.00, 121),
('2011-03-31', 8500.00, 122),
('2011-03-31', 10500.00, 123),
('2011-03-31', 7500.00, 124),
('2011-03-31', 7500.00, 125);

INSERT INTO Interview (Interview_ID, Interview_Time, Grade, Job_ID, Interviewee_ID, Interviewer_ID)
VALUES
(1, '2011-01-15 10:30:00', '85', 101, 191, 115),
(2, '2011-01-15 10:30:00', '49', 102, 192, 115),
(3, '2011-01-15 10:30:00', '35', 103, 193, 115),
(4, '2011-01-15 10:30:00', '70', 109, 194, 115),
(5, '2011-01-16 14:00:00', '90', 108, 195, 115),
(6, '2011-01-17 09:00:00', '10', 107, 196, 115),
(7, '2011-01-17 09:00:00', '20', 106, 197, 115),
(8, '2011-01-17 09:00:00', '50', 105, 198, 115),
(9, '2011-01-17 09:00:00', '80', 104, 199, 115),
(10, '2011-01-17 09:00:00', '70', 11111, 200, 115),
(11, '2011-01-18 11:15:00', '88', 101, 191, 116),
(12, '2011-01-19 15:45:00', '92', 102, 192, 116),
(13, '2011-01-20 13:30:00', '60', 103, 193, 116),
(14, '2011-01-21 10:00:00', '70', 109, 194, 116),
(15, '2011-01-22 16:00:00', '95', 108, 195, 116),
(16, '2011-01-23 12:45:00', '80', 107, 196, 116),
(17, '2011-01-24 10:30:00', '44', 106, 197, 116),
(18, '2011-01-25 10:30:00', '30', 105, 198, 116),
(19, '2011-01-25 10:30:00', '50', 104, 199, 116),
(20, '2011-01-25 10:30:00', '89', 11111, 200, 116),
(21, '2011-01-25 10:30:00', '78', 101, 191, 121),
(22, '2011-01-26 10:30:00', '100', 11111, 200, 121),
(23, '2011-01-26 10:30:00', '25', 109, 194, 121),
(24, '2011-01-26 10:30:00', '100', 108, 195, 121),
(25, '2011-01-26 10:30:00', '40', 107, 196, 121),
(26, '2011-01-26 10:30:00', '20', 104, 199, 121),
(27, '2011-01-26 10:30:00', '89', 101, 191, 122),
(28, '2011-01-27 10:30:00', '19', 109, 194, 122),
(29, '2011-01-27 10:30:00', '100', 108, 195, 122),
(30, '2011-01-27 10:30:00', '30', 107, 196, 122),
(31, '2011-01-27 10:30:00', '35', 104, 199, 122),
(32, '2011-01-27 10:30:00', '100', 11111, 200, 122),
(33, '2011-01-28 10:30:00', '50', 101, 191, 124),
(34, '2011-01-28 10:30:00', '100', 108, 195, 124),
(35, '2011-01-28 10:30:00', '70', 103, 200, 124),
(36, '2011-01-29 10:30:00', '70', 101, 191, 123),
(37, '2011-01-29 10:30:00', '89', 108, 195, 123),
(38, '2011-01-29 10:30:00', '79', 11111, 200, 123);

INSERT INTO Sales (Sales_ID, Sales_Time, Quantity, Salesperson_ID, Product_ID)
VALUES
(1, '2011-01-05 10:15:00', 1, 101, 1),
(2, '2011-01-05 10:15:00', 2, 109, 5),
(3, '2011-01-05 10:15:00', 1, 101, 8),
(4, '2011-01-05 10:15:00', 3, 101, 2),
(5, '2011-01-05 10:15:00', 4, 111, 7),
(6, '2011-01-05 10:15:00', 5, 112, 2),
(7, '2011-01-05 10:15:00', 15, 113, 10),
(8, '2011-01-05 10:15:00', 7, 114, 2),
(9, '2011-01-05 10:15:00', 5, 115, 7),
(10, '2011-01-05 10:15:00', 2, 102, 3),
(11, '2011-01-05 10:15:00', 3, 104, 4),
(12, '2011-01-05 10:15:00', 1, 103, 5),
(13, '2011-01-05 10:15:00', 1, 105, 6),
(14, '2011-01-05 10:15:00', 5, 107, 8),
(15, '2011-01-05 10:15:00', 2, 108, 8),
(16, '2011-01-05 10:15:00', 1, 106, 9),
(17, '2011-01-05 10:15:00', 3, 110, 1),
(18, '2011-01-07 10:15:00', 5, 115, 2),
(19, '2011-01-07 10:15:00', 3, 112, 7),
(20, '2011-01-07 10:15:00', 15, 113, 10),
(21, '2011-01-10 14:30:00', 1, 101, 1),
(22, '2011-01-10 14:30:00', 2, 102, 3),
(23, '2011-01-10 14:30:00', 1, 103, 4),
(24, '2011-01-10 14:30:00', 3, 104, 5),
(25, '2011-01-10 14:30:00', 2, 105, 6),
(26, '2011-01-10 14:30:00', 3, 106, 8),
(27, '2011-01-10 14:30:00', 1, 107, 9),
(28, '2011-01-10 14:30:00', 2, 108, 1),
(29, '2011-01-10 14:30:00', 1, 109, 3),
(30, '2011-01-15 11:45:00', 1, 110, 5),
(31, '2011-01-15 11:45:00', 4, 111, 4),
(32, '2011-01-15 11:45:00', 6, 112, 4),
(33, '2011-01-15 11:45:00', 8, 113, 7),
(34, '2011-01-15 11:45:00', 14, 114, 10),
(35, '2011-01-15 11:45:00', 8, 115, 3),
(36, '2011-01-15 11:45:00', 7, 111, 3),
(37, '2011-01-15 11:45:00', 5, 112, 9),
(38, '2011-01-15 11:45:00', 18, 113, 10),
(39, '2011-01-15 11:45:00', 9, 114, 7),
(40, '2011-02-01 09:20:00', 10, 115, 1),
(41, '2011-02-01 09:20:00', 1, 100, 7),
(42, '2011-02-01 09:20:00', 2, 101, 8),
(43, '2011-02-01 09:20:00', 1, 102, 5),
(44, '2011-02-01 09:20:00', 4, 103, 4),
(45, '2011-02-01 09:20:00', 1, 104, 3),
(46, '2011-02-01 09:20:00', 2, 105, 1),
(47, '2011-02-01 09:20:00', 1, 106, 5),
(48, '2011-02-01 09:20:00', 2, 107, 3),
(49, '2011-02-01 09:20:00', 1, 108, 4),
(50, '2011-02-12 15:10:00', 2, 109, 9),
(51, '2011-02-12 15:10:00', 4, 110, 8),
(52, '2011-02-12 15:10:00', 10, 111, 1),
(53, '2011-02-12 15:10:00', 9, 112, 5),
(54, '2011-02-12 15:10:00', 16, 113, 10),
(55, '2011-02-12 15:10:00', 7, 114, 7),
(56, '2011-02-12 15:10:00', 14, 115, 2),
(57, '2011-02-12 15:10:00', 15, 110, 10),
(58, '2011-02-12 15:10:00', 8, 111, 3),
(59, '2011-02-12 15:10:00', 7, 115, 5),
(60, '2011-02-25 13:30:00', 7, 111, 4),
(61, '2011-02-25 13:30:00', 5, 112, 6),
(62, '2011-02-25 13:30:00', 17, 113, 10),
(63, '2011-02-25 13:30:00', 9, 114, 7),
(64, '2011-02-25 13:30:00', 14, 115, 6),
(65, '2011-02-25 13:30:00', 7, 111, 2),
(66, '2011-02-25 13:30:00', 8, 112, 1),
(67, '2011-02-25 13:30:00', 15, 113, 10),
(68, '2011-02-25 13:30:00', 9, 114, 7),
(69, '2011-02-25 13:30:00', 16, 115, 2),
(70, '2011-03-05 16:00:00', 2, 101, 1),
(71, '2011-03-05 16:00:00', 1, 102, 2),
(72, '2011-03-05 16:00:00', 2, 103, 1),
(73, '2011-03-05 16:00:00', 2, 104, 9),
(74, '2011-03-05 16:00:00', 1, 105, 8),
(75, '2011-03-05 16:00:00', 1, 106, 6),
(76, '2011-03-05 16:00:00', 1, 107, 5),
(77, '2011-03-05 16:00:00', 3, 108, 4),
(78, '2011-03-05 16:00:00', 1, 109, 3),
(79, '2011-03-05 16:00:00', 12, 110, 1),
(80, '2011-03-18 12:00:00', 19, 111, 10),
(81, '2011-03-18 12:00:00', 8, 112, 7),
(82, '2011-03-18 12:00:00', 5, 113, 4),
(83, '2011-03-18 12:00:00', 8, 114, 8),
(84, '2011-03-18 12:00:00', 18, 115, 10),
(85, '2011-03-18 12:00:00', 10, 111, 2),
(86, '2011-03-18 12:00:00', 7, 112, 2),
(87, '2011-03-18 12:00:00', 6, 113, 8),
(88, '2011-03-18 12:00:00', 14, 114, 10),
(89, '2011-03-18 12:00:00', 18, 115, 7),
(90, '2011-03-25 10:45:00', 1, 101, 6),
(91, '2011-03-25 10:45:00', 1, 102, 1),
(92, '2011-03-25 10:45:00', 4, 103, 8),
(93, '2011-03-25 10:45:00', 2, 104, 9),
(94, '2011-03-25 10:45:00', 3, 105, 4),
(95, '2011-03-25 10:45:00', 1, 106, 3),
(96, '2011-03-25 10:45:00', 2, 107, 5),
(97, '2011-03-25 10:45:00', 2, 108, 5),
(98, '2011-03-25 10:45:00', 1, 109, 6),
(99, '2011-03-25 10:45:00', 1, 110, 3),
(100, '2011-03-31 11:15:00', 12, 115, 2);

INSERT INTO Works_in (Employee_ID, Department_ID, Start_Date, End_Date)
VALUES
(101, 8, '2010-06-01', '2011-01-31'),
(102, 8, '2010-01-15', '2010-09-30'),
(103, 8, '2010-03-01', '2011-02-28'),
(104, 8, '2007-09-01', '2007-12-31'),
(104, 7, '2008-01-01', '2008-02-28'),
(104, 6, '2008-03-01', '2008-05-31'),
(104, 5, '2008-06-01', '2008-07-31'),
(104, 3, '2008-08-01', '2008-12-31'),
(104, 2, '2009-01-01', '2010-05-31'),
(105, 8, '2009-02-01', '2010-05-31'),
(106, 1, '2010-09-01', '2011-04-01'),
(107, 2, '2010-09-01', '2011-04-01'),
(108, 3, '2010-09-01', '2011-04-01'),
(109, 4, '2010-09-01', '2011-04-01'),
(110, 1, '2010-09-01', '2011-04-01'),
(111, 2, '2010-09-01', '2011-04-01'),
(112, 4, '2010-09-01', '2011-04-01'),
(113, 3, '2010-09-01', '2011-04-01'),
(114, 2, '2010-09-01', '2011-04-01'),
(115, 1, '2010-09-01', '2011-04-01'),
(116, 7, '2009-09-01', '2011-04-01'),
(117, 7, '2009-09-01', '2011-04-01'),
(118, 7, '2009-09-01', '2011-04-01'),
(119, 7, '2009-09-01', '2011-04-01'),
(120, 7, '2009-09-01', '2011-04-01'),
(121, 6, '2009-09-01', '2011-04-01'),
(122, 6, '2008-09-01', '2011-04-01'),
(123, 5, '2007-09-01', '2011-04-01'),
(124, 5, '2007-09-01', '2011-04-01'),
(125, 8, '2006-09-01', '2011-04-01'),
(101, 1, '2011-02-01', '2011-04-01'), 
(102, 2, '2010-10-01', '2011-04-01'),
(103, 3, '2011-03-01', '2011-04-01'), 
(104, 1, '2010-06-01', '2010-09-30'),
(105, 4, '2013-06-01', '2011-04-01'), 
(104, 4, '2010-10-01', '2011-04-01');

INSERT INTO Apply (Person_ID, Job_ID)
VALUES
(191, 101),
(192, 102),
(193, 103),
(194, 109),
(195, 108),
(196, 107),
(197, 106),
(198, 105),
(199, 104),
(200, 103),
(191, 102), 
(192, 103),
(115, 12345),
(114, 12345);

INSERT INTO Uses (Product_ID, Part_ID, Part_No)
VALUES
(1, 1, 3),
(1, 2, 2),
(2, 3, 1),
(2, 4, 1),
(3, 5, 2),
(3, 6, 1),
(4, 7, 2),
(4, 8, 2),
(5, 9, 2),
(5, 10, 3),
(6, 1, 2), 
(6, 3, 2), 
(7, 4, 2),
(7, 8, 2), 
(8, 4, 2), 
(8, 6, 2), 
(9, 1, 3), 
(9, 2, 2), 
(10, 3, 1), 
(10, 10, 1),
(10, 6, 1), 
(10, 7, 1), 
(2, 5, 3), 
(7, 3, 3); 

INSERT INTO Supplied_by (Vendor_ID, Part_ID, Part_Price)
VALUES
(1, 1, 15.99),
(1, 2, 199.99),
(2, 3, 49.99),
(2, 4, 99.99),
(3, 5, 9.99),
(3, 6, 229.99),
(4, 7, 89.99),
(4, 8, 14.99),
(5, 9, 4.99),
(5, 10, 19.99),
(1, 3, 49.99), 
(6, 1, 15.99), 
(7, 2, 199.99), 
(8, 9, 4.99), 
(8, 8, 14.99), 
(9, 7, 89.99), 
(9, 6, 229.99), 
(10, 5, 9.99), 
(10, 10, 18.99), 
(2, 5, 9.99); 

INSERT INTO Supervision (Employee_ID, Supervisor_ID)
VALUES
(101, 111), 
(102, 111), 
(103, 112), 
(104, 113), 
(105, 113), 
(106, 114), 
(107, 114),
(108, 115),
(109, 115),
(110, 115),
(111, 116),
(112, 117),
(113, 118),
(114, 119),
(115, 120),
(116, 121),
(117, 121),
(118, 122),
(119, 122),
(120, 122),
(121, 125),
(122, 125),
(123, 121),
(124, 122),
(125, NULL);

INSERT INTO Works_For (Employee_ID, Site_ID)
VALUES
(101, 2), -- Employee 101 works for Marketing Site 2
(102, 3), -- Employee 102 works for Marketing Site 3
(103, 4), -- Employee 103 works for Marketing Site 4
(104, 5), -- Employee 104 works for Marketing Site 5
(105, 6), -- Employee 105 works for Marketing Site 6
(106, 2), -- Employee 106 works for Marketing Site 2
(107, 3), -- Employee 107 works for Marketing Site 3
(108, 4), -- Employee 108 works for Marketing Site 4
(109, 5), -- Employee 109 works for Marketing Site 5
(110, 6), -- Employee 110 works for Marketing Site 6
(111, 2),
(112, 3),
(113, 4),
(114, 5),
(115, 1);

INSERT INTO Sales_Participation (Sales_ID, Customer_ID)
VALUES
(1, 126),
(2, 127),
(3, 128),
(4, 129),
(5, 130),
(6, 131),
(7, 132),
(8, 133),
(9, 134),
(10, 135),
(11, 136),
(12, 137),
(13, 138),
(14, 139),
(15, 140),
(16, 141),
(17, 142),
(18, 143),
(19, 144),
(20, 145),
(21, 146),
(22, 147),
(23, 148),
(24, 149),
(25, 150),
(26, 151),
(27, 152),
(28, 153),
(29, 154),
(30, 155),
(31, 156),
(32, 157),
(33, 158),
(34, 159),
(35, 160),
(36, 161),
(37, 162),
(38, 163),
(39, 164),
(40, 165),
(41, 166),
(42, 167),
(43, 168),
(44, 169),
(45, 170),
(46, 171),
(47, 172),
(48, 173),
(49, 174),
(50, 175),
(51, 176),
(52, 177),
(53, 178),
(54, 179),
(55, 180),
(56, 181),
(57, 182),
(58, 183),
(59, 184),
(60, 185),
(61, 186),
(62, 187),
(63, 188),
(64, 189),
(65, 190),
(66, 126),
(67, 127),
(68, 128),
(69, 129),
(70, 130),
(71, 131),
(72, 132),
(73, 133),
(74, 134),
(75, 135),
(76, 136),
(77, 137),
(78, 138),
(79, 139),
(80, 140),
(81, 141),
(82, 142),
(83, 143),
(84, 144),
(85, 145),
(86, 146),
(87, 147),
(88, 148),
(89, 149),
(90, 150),
(91, 151),
(92, 152),
(93, 153),
(94, 154),
(95, 155),
(96, 156),
(97, 157),
(98, 158),
(99, 159),
(100, 160);

INSERT INTO Has_Sales (Sales_ID, Site_ID)
VALUES
(1, 1),
(2, 2),
(3, 3),
(4, 4),
(5, 5),
(6, 6),
(7, 1),
(8, 2),
(9, 3),
(10, 4),
(11, 5),
(12, 6),
(13, 1),
(14, 2),
(15, 3),
(16, 4),
(17, 5),
(18, 6),
(19, 1),
(20, 2),
(21, 3),
(22, 4),
(23, 5),
(24, 6),
(25, 1),
(26, 2),
(27, 3),
(28, 4),
(29, 5),
(30, 6),
(31, 1),
(32, 2),
(33, 3),
(34, 4),
(35, 5),
(36, 6),
(37, 1),
(38, 2),
(39, 3),
(40, 4),
(41, 5),
(42, 6),
(43, 1),
(44, 2),
(45, 3),
(46, 4),
(47, 5),
(48, 6),
(49, 1),
(50, 2),
(51, 3),
(52, 4),
(53, 5),
(54, 6),
(55, 1),
(56, 2),
(57, 3),
(58, 4),
(59, 5),
(60, 6),
(61, 1),
(62, 2),
(63, 3),
(64, 4),
(65, 5),
(66, 6),
(67, 1),
(68, 2),
(69, 3),
(70, 4),
(71, 5),
(72, 6),
(73, 2),
(74, 2),
(75, 3),
(76, 4),
(77, 5),
(78, 6),
(79, 3),
(80, 2),
(81, 3),
(82, 4),
(83, 5),
(84, 6),
(85, 4),
(86, 2),
(87, 3),
(88, 4),
(89, 5),
(90, 6),
(91, 5),
(92, 2),
(93, 3),
(94, 4),
(95, 5),
(96, 6),
(97, 6),
(98, 2),
(99, 3),
(100, 4);